"Country","Year","Married or in-union women of reproductive age who have their need for family planning satisfied with modern methods (%)","Antenatal care coverage - at least four visits (%)","Births by caesarean section (%)","Births attended by skilled health personnel (%)"
"Afghanistan","2018","","","","59"
"Afghanistan","2016-2018","","20.9","",""
"Afghanistan","2017","","","","53"
"Afghanistan","2011-2017","","16.3","",""
"Afghanistan","2016","42.1","","",""
"Afghanistan","2015","","","","51"
"Afghanistan","2010-2015","","17.8","2.7",""
"Afghanistan","2014","","","","45"
"Afghanistan","2009-2014","","22.7","",""
"Afghanistan","2012","","","","40"
"Afghanistan","2006-2012","","9.9","",""
"Afghanistan","2011","","","","39"
"Afghanistan","2008-2011","","14.6","",""
"Afghanistan","2010","","","","34"
"Afghanistan","2005-2010","","16.1","",""
"Afghanistan","2003","","","","14"
"Albania","2018","","","","100"
"Albania","2013-2018","","77.8","",""
"Albania","2013","","","34.1",""
"Albania","2009","12.9","","","99"
"Albania","2003-2009","","66.8","",""
"Albania","2005","","","","100"
"Algeria","2013","77.2","","","97"
"Algeria","2010-2013","","67.3","16.0",""
"Algeria","2006","","","","95"
"Algeria","1987-1992","","12.4","",""
"Andorra","2017","","","","100"
"Andorra","2016","","","","100"
"Andorra","2015","","","","100"
"Angola","2016","24.2","","","47"
"Angola","2010-2016","","61.4","3.7",""
"Angola","2007","","","","47"
"Angola","1994-1996","","31.5","",""
"Antigua and Barbuda","2017","","83.3","","100"
"Antigua and Barbuda","2015","","","","100"
"Antigua and Barbuda","2014","","100","","100"
"Antigua and Barbuda","2013","","","","100"
"Antigua and Barbuda","2012-2013","","100","",""
"Antigua and Barbuda","2012","","","","100"
"Antigua and Barbuda","2011","","100","",""
"Antigua and Barbuda","2010","","100","","100"
"Antigua and Barbuda","2009","","","","100"
"Antigua and Barbuda","2008","","","","100"
"Antigua and Barbuda","2007","","","","100"
"Antigua and Barbuda","2006","","","","100"
"Antigua and Barbuda","2005","","","","100"
"Antigua and Barbuda","2004","","","","100"
"Antigua and Barbuda","2003","","","","99"
"Antigua and Barbuda","2001","","","","100"
"Antigua and Barbuda","2000","","","","100"
"Argentina","2017","","","","94"
"Argentina","2016","","","","98"
"Argentina","2015","","","","100"
"Argentina","2014","","","","100"
"Argentina","2013","","","","97"
"Argentina","2012","","","","98"
"Argentina","2009-2012","","89.8","",""
"Argentina","2011","","","29.1","97"
"Argentina","2010","","","","95"
"Argentina","2009","","","","98"
"Argentina","2008","","","","95"
"Argentina","2007","","","","99"
"Argentina","2006","","","","99"
"Argentina","2005","","","","99"
"Argentina","2002-2005","","89.3","",""
"Argentina","2004","","","","99"
"Argentina","2003","","","","99"
"Argentina","2002","","","","99"
"Argentina","2001","","","","98"
"Argentina","2000","","","","99"
"Armenia","2016","40.2","","","100"
"Armenia","2010-2016","","96","18.0",""
"Armenia","2014","","","","100"
"Armenia","2013","","","","100"
"Armenia","2012","","","","100"
"Armenia","2011","","","","100"
"Armenia","2010","","","","100 100"
"Armenia","2005-2010","","92.8","",""
"Armenia","2009","","","","100"
"Armenia","2008","","","","100"
"Armenia","2007","","","","100"
"Armenia","2006","","","","100"
"Armenia","2005","","","","98 100"
"Armenia","2000-2005","","70.9","",""
"Armenia","2004","","","","100"
"Armenia","2003","","","","99"
"Armenia","2002","","","","99"
"Armenia","2001","","","","98"
"Armenia","1995-2000","","64.7","",""
"Australia","2017","","94","","97"
"Australia","2016","","94","","97"
"Australia","2015","","95","33.3","100"
"Australia","2014","","95.3","","100"
"Australia","2013","","95","","99"
"Australia","2012","","94.6","","99"
"Australia","2011","","94.4","","99"
"Australia","2010","","90.4","","99"
"Australia","2009","","91.2","","99"
"Australia","2008","","92","","99"
"Australia","2007","","91.9","","99"
"Australia","2006","","","","99"
"Australia","2005","","","","99"
"Australia","2004","","","","99"
"Australia","2003","","","","99"
"Australia","2002","","","","99"
"Australia","2001","","","","99"
"Australia","2000","","","","99"
"Austria","2018","","","","98"
"Austria","2017","","","","98"
"Austria","2016","","","29.5","98"
"Austria","2015","","","","99"
"Austria","2014","","","","99"
"Austria","2013","","","","99"
"Austria","2012","","","","99"
"Austria","2011","","","","99"
"Austria","2010","","","","99"
"Austria","2009","","","","99"
"Austria","2008","","","","99"
"Austria","2007","","","","99"
"Austria","2006","","","","99"
"Austria","2005","","","","99"
"Austria","2004","","","","98"
"Austria","2003","","","","98"
"Austria","2002","","","","98"
"Austria","2001","","","","98"
"Austria","2000","","","","98"
"Azerbaijan","2018","","","","99"
"Azerbaijan","2017","","","","100"
"Azerbaijan","2016","","","","100"
"Azerbaijan","2015","","","27.6","100"
"Azerbaijan","2014","","","","100"
"Azerbaijan","2013","","","","100"
"Azerbaijan","2012","","","","100"
"Azerbaijan","2011","","","","97 100"
"Azerbaijan","2006-2011","","66.1","",""
"Azerbaijan","2010","","","","99"
"Azerbaijan","2009","","","","100"
"Azerbaijan","2008","","","","98"
"Azerbaijan","2007","","","","93"
"Azerbaijan","2006","","","","96 89"
"Azerbaijan","2001-2006","","45.2","",""
"Azerbaijan","2005","","","","94"
"Azerbaijan","2004","","","","96"
"Azerbaijan","2003","","","","96"
"Azerbaijan","2002","","","","94"
"Azerbaijan","2001","","","","94"
"Azerbaijan","1996-2001","","30.4","",""
"Azerbaijan","2000","","","","92"
"Bahamas","2016","","","","99"
"Bahamas","2015","","","","98"
"Bahamas","2014","","83.1","","100"
"Bahamas","2013","","85","","98"
"Bahamas","2011","","86","","99"
"Bahamas","2010","","86","","99"
"Bahamas","2009","","86","",""
"Bahamas","2008","","","","99"
"Bahamas","2007","","","","99"
"Bahamas","2006","","","","99"
"Bahamas","2004","","","","98"
"Bahamas","2003","","","","99"
"Bahamas","2002","","","","99"
"Bahamas","2000","","","","99"
"Bahrain","2017","","","","100"
"Bahrain","2016","","","","100"
"Bahrain","2015","","","28.0","100"
"Bahrain","2014","","100","","100"
"Bahrain","2013","","100","","100"
"Bahrain","2012","","100","","100"
"Bahrain","2011","","100","","100"
"Bahrain","2010","","100","","99"
"Bahrain","2009","","","","99"
"Bahrain","2008","","","","98"
"Bahrain","2007","","100","","97"
"Bahrain","2006","","","","98"
"Bahrain","2005","","100","","98"
"Bahrain","2004","","","","98"
"Bahrain","2003","","","","98"
"Bahrain","2002","","","","98"
"Bahrain","2001","","","","98"
"Bahrain","2000","","100","","98"
"Bahrain","1995","","100","",""
"Bangladesh","2017-2019","","36.9","",""
"Bangladesh","2018","","","","53"
"Bangladesh","2014-2018","","47","",""
"Bangladesh","2017","","","","68"
"Bangladesh","2016","","","","50"
"Bangladesh","2013-2016","","37.2","30.7",""
"Bangladesh","2014","72.5","","","42"
"Bangladesh","2011-2014","","31.2","",""
"Bangladesh","2013","","","","37 34"
"Bangladesh","2010-2013","","24.7 25","",""
"Bangladesh","2011","","","","32"
"Bangladesh","2008-2011","","25.5","",""
"Bangladesh","2010","","","","27"
"Bangladesh","2007-2010","","23.4","",""
"Bangladesh","2007","","","","18"
"Bangladesh","2002-2007","","20.6","",""
"Bangladesh","2006","","","","20"
"Bangladesh","1999-2004","","15.9","",""
"Bangladesh","2003","","","","14"
"Bangladesh","1998-2001","","11.6","",""
"Bangladesh","1994-2000","","10.5","",""
"Bangladesh","1991-1997","","5.8","",""
"Bangladesh","1990-1994","","5.5","",""
"Barbados","2016","","97.5","","99"
"Barbados","2015","","97","","99"
"Barbados","2014","","96.9","","100"
"Barbados","2013","","98","","99"
"Barbados","2012","70","81","","100 99"
"Barbados","2010-2012","","87.9","21.3",""
"Barbados","2011","","89","","100"
"Barbados","2008","","","","100"
"Barbados","2007","","","","100"
"Barbados","2006","","","","100"
"Barbados","2005","","","","100"
"Barbados","2004","","","","100"
"Barbados","2003","","","","100"
"Barbados","2002","","","","100"
"Barbados","2000","","","","98"
"Belarus","2017-2019","","100","",""
"Belarus","2014","","","27.1","100"
"Belarus","2013","","","","100"
"Belarus","2012","74.2","","","100 100"
"Belarus","2010-2012","","99.7","",""
"Belarus","2011","","","","100"
"Belarus","2010","","","","100"
"Belarus","2009","","","","100"
"Belarus","2008","","","","100"
"Belarus","2007","","","","100"
"Belarus","2006","","","","100"
"Belarus","2005","","","","100 100"
"Belarus","2004","","","","100"
"Belarus","2003","","","","100"
"Belarus","2002","","","","100"
"Belarus","2001","","","","100"
"Belarus","2000","","","","100"
"Belgium","2013","","","21.2",""
"Belize","2017","","","","94"
"Belize","2016","65.9","","","97 94"
"Belize","2013-2016","","92.6","34.2",""
"Belize","2015","","","","89"
"Belize","2013","","","","94"
"Belize","2011","","","","96"
"Belize","2009-2011","","83.1","",""
"Belize","2010","","","","94"
"Belize","2009","","","","94"
"Belize","2008","","","","95"
"Belize","2007","","","","91"
"Belize","2006","","","","96"
"Belize","1994-1999","","66.4","",""
"Belize","1986-1991","","76.4","",""
"Benin","2018","","","","78"
"Benin","2012-2018","","52.1","",""
"Benin","2014","24.5","","","77"
"Benin","2012-2014","","58.7","5.3",""
"Benin","2012","","","","81"
"Benin","2006-2012","","58.2","",""
"Benin","2006","","","","74"
"Benin","2001-2006","","60.5","",""
"Benin","1996-2001","","61.6","",""
"Benin","1993-1996","","53.7","",""
"Bhutan","2018","","","","96"
"Bhutan","2017","","","","96 97"
"Bhutan","2016","","81.7","","89"
"Bhutan","2015","","","","89"
"Bhutan","2013-2015","","84.9","",""
"Bhutan","2014","","","","89"
"Bhutan","2013","","","","89"
"Bhutan","2012","","","","75 86 81"
"Bhutan","2010-2012","","81.5","",""
"Bhutan","2011","","","","70"
"Bhutan","2010","84.6","","","70 65"
"Bhutan","2008-2010","","77.3","12.4",""
"Bhutan","2009","","","","66"
"Bhutan","2008","","","","66"
"Bhutan","2007","","","","71 54"
"Bhutan","2006","","","","57"
"Bhutan","2005","","","","52"
"Bhutan","2003","","","","56"
"Bolivia (Plurinational State of)","2018","","","","72"
"Bolivia (Plurinational State of)","2017","","85.3","","100"
"Bolivia (Plurinational State of)","2016","","89.9","","90 99"
"Bolivia (Plurinational State of)","2011-2016","","85.6","33.4",""
"Bolivia (Plurinational State of)","2015","","","","73"
"Bolivia (Plurinational State of)","2013","","58.8","","74"
"Bolivia (Plurinational State of)","2012","","","","85"
"Bolivia (Plurinational State of)","2007-2012","","75.3","",""
"Bolivia (Plurinational State of)","2011","","58.5","","84"
"Bolivia (Plurinational State of)","2008","42.8","","","71"
"Bolivia (Plurinational State of)","2003-2008","","72.1","",""
"Bolivia (Plurinational State of)","1998-2003","","57.9","",""
"Bolivia (Plurinational State of)","1995-1998","","48","",""
"Bosnia and Herzegovina","2018","","","","100"
"Bosnia and Herzegovina","2017","","","","100"
"Bosnia and Herzegovina","2016","","","","100"
"Bosnia and Herzegovina","2015","","","","100"
"Bosnia and Herzegovina","2014","","","24.0","100"
"Bosnia and Herzegovina","2012","21.9","","","100 100"
"Bosnia and Herzegovina","2011","","","","100"
"Bosnia and Herzegovina","2009-2011","","84.2","",""
"Bosnia and Herzegovina","2010","","","","100"
"Bosnia and Herzegovina","2009","","","","100"
"Bosnia and Herzegovina","2008","","","","100"
"Bosnia and Herzegovina","2007","","","","100"
"Bosnia and Herzegovina","2006","","","","99 100"
"Bosnia and Herzegovina","2005","","","","100"
"Bosnia and Herzegovina","2004","","","","100"
"Bosnia and Herzegovina","2003","","","","100"
"Bosnia and Herzegovina","2002","","","","100"
"Bosnia and Herzegovina","2001","","","","100"
"Bosnia and Herzegovina","2000","","","","99 100"
"Botswana","2017","","","","100"
"Botswana","2016","","","","100"
"Botswana","2015","","","","100"
"Botswana","2014","","","","100"
"Botswana","2013","","","","100"
"Botswana","2012","","","","100"
"Botswana","2011","","","","100"
"Botswana","2010","","","","99"
"Botswana","2009","","","","100"
"Botswana","2008","","","","98"
"Botswana","2007","","","","100 95"
"Botswana","2005-2007","","73.3","",""
"Botswana","2006","","","","99"
"Botswana","2005","","","","94"
"Botswana","2004","","","","97"
"Botswana","2003","","","","96"
"Botswana","2002","","","","97"
"Botswana","2001","","","","92"
"Botswana","2000","","","","97"
"Brazil","2018","","92.2","",""
"Brazil","2017","","91.7","","99"
"Brazil","2016","","91.3","","99"
"Brazil","2015","","90.9","55.5","99"
"Brazil","2014","","90","","99"
"Brazil","2013","","88.9","","99"
"Brazil","2012","","88.7","","99"
"Brazil","2011","","89","","99"
"Brazil","2010","","90.2","","99"
"Brazil","2009","","89.4","","99"
"Brazil","2008","","89.3","","99"
"Brazil","2007","89.3","88.7","","99"
"Brazil","2006","","87.9","","99 97"
"Brazil","2001-2006","","80.9","",""
"Brazil","2005","","86.7","","99"
"Brazil","2004","","86","","99"
"Brazil","2003","","84.7","","98"
"Brazil","2002","","83.1","","99"
"Brazil","2001","","80.8","","98"
"Brazil","1997-2001","","45.6","",""
"Brazil","2000","","79.3","","99"
"Brazil","1991-1996","","77","",""
"Brunei Darussalam","2017","","","","100"
"Brunei Darussalam","2016","","100","","100"
"Brunei Darussalam","2015","","","","100"
"Brunei Darussalam","2014","","","","100"
"Brunei Darussalam","2013","","","","100"
"Brunei Darussalam","2012","","93.2","","100"
"Brunei Darussalam","2011","","100","","100"
"Brunei Darussalam","2010","","","","100"
"Brunei Darussalam","2009","","100","","100"
"Brunei Darussalam","2008","","","","100"
"Brunei Darussalam","2007","","","","100"
"Brunei Darussalam","2006","","","","100"
"Brunei Darussalam","2005","","","","100"
"Brunei Darussalam","2004","","","","99"
"Brunei Darussalam","2003","","","","99"
"Brunei Darussalam","2002","","","","99"
"Brunei Darussalam","2001","","","","100"
"Brunei Darussalam","2000","","","","99"
"Bulgaria","2015","","","","100"
"Bulgaria","2014","","","39.1","100"
"Bulgaria","2013","","","","100"
"Bulgaria","2010","","","","100"
"Bulgaria","2009","","","","100"
"Bulgaria","2008","","","","100"
"Bulgaria","2007","","","","100"
"Bulgaria","2006","","","","99"
"Bulgaria","2005","","","","99"
"Bulgaria","2004","","","","99"
"Bulgaria","2003","","","","99"
"Bulgaria","2002","","","","99"
"Bulgaria","2001","","","","99"
"Bulgaria","2000","","","","100"
"Burkina Faso","2017","45","","",""
"Burkina Faso","2015","","","","80"
"Burkina Faso","2010-2015","","47.2","3.7",""
"Burkina Faso","2010","","","","66"
"Burkina Faso","2005-2010","","33.7","",""
"Burkina Faso","2006","","","","54"
"Burkina Faso","1998-2003","","17.6","",""
"Burkina Faso","1993-1999","","22.7","",""
"Burkina Faso","1988-1993","","22.6","",""
"Burundi","2017","39.3","","","85"
"Burundi","2011-2017","","49.3","",""
"Burundi","2010","","","","60"
"Burundi","2005-2010","","33.4","4.0",""
"Burundi","2005","","","","32"
"Cabo Verde","2017","","","","92"
"Cabo Verde","2016","","","","93"
"Cabo Verde","2015","","","","91"
"Cabo Verde","2014","","","","96"
"Cabo Verde","2013","","","","92"
"Cabo Verde","2011","","","","99"
"Cabo Verde","2010","","","","99"
"Cabo Verde","2009","","","","76"
"Cabo Verde","2008","","","","75"
"Cabo Verde","2007","","","","74"
"Cabo Verde","2006","","","","76"
"Cabo Verde","2005","","","","78 76"
"Cabo Verde","2000-2005","","72.3","",""
"Cabo Verde","1993-1998","","63.9","",""
"Cambodia","2014","56.4","","","89"
"Cambodia","2009-2014","","75.6","6.3",""
"Cambodia","2011","","","","72"
"Cambodia","2010","","","","71"
"Cambodia","2005-2010","","59.4","",""
"Cambodia","2005","","","","44"
"Cambodia","2000-2005","","27","",""
"Cambodia","2004","","","","16"
"Cambodia","1995-2000","","8.9","",""
"Cameroon","2019","","","","69"
"Cameroon","2013-2019","","64.9","",""
"Cameroon","2014","40.1","","","65"
"Cameroon","2012-2014","","58.8","2.4",""
"Cameroon","2011","","","","56"
"Cameroon","2006-2011","","62.2","",""
"Cameroon","2006","","","","59"
"Cameroon","1999-2004","","60.4","",""
"Cameroon","1995-1998","","52.4","",""
"Cameroon","1986-1991","","49","",""
"Canada","2018","","","","98"
"Canada","2017","","","","98"
"Canada","2016","","","","98"
"Canada","2015","","","27.9","98"
"Canada","2014","","","","98"
"Canada","2013","","","","98"
"Canada","2012","","","","98"
"Canada","2011","","","","98"
"Canada","2010","","","","99"
"Canada","2009","","","","99"
"Canada","2008","","","","99"
"Canada","2007","","","","99"
"Canada","2006-2007","","98.9","",""
"Canada","2006","","","","100 99"
"Canada","2005","","","","99"
"Canada","2004","","","","99"
"Canada","2003","","","","99"
"Canada","2002","","","","99"
"Canada","2001","","","","99"
"Canada","2000","","","","99"
"Central African Republic","2011","28.7","","",""
"Central African Republic","2010","","","","40"
"Central African Republic","2008-2010","","38.1","4.5",""
"Central African Republic","2008","","","","44"
"Central African Republic","2006","","","","41"
"Central African Republic","1991-1995","","39.7","",""
"Chad","2015","17.5","","","24"
"Chad","2009-2015","","31","1.4",""
"Chad","2010","","","","17"
"Chad","2008-2010","","23.1","",""
"Chad","1999-2004","","17.8","",""
"Chad","1991-1997","","14.8","",""
"Chile","2017","","","","100"
"Chile","2016","","","","100"
"Chile","2015","","","","100"
"Chile","2014","","","","100"
"Chile","2013","","","","100"
"Chile","2012","","","49.6","100"
"Chile","2011","","","","100"
"Chile","2010","","","","100"
"Chile","2009","","","","100"
"Chile","2008","","","","100"
"Chile","2007","","","","100"
"Chile","2006","","","","100"
"Chile","2005","","","","100"
"Chile","2004","","","","100"
"Chile","2003","","","","98"
"Chile","2002","","","","100"
"Chile","2001","","","","100"
"Chile","2000","","","","99"
"China","2016","","","","100"
"China","2015","","","","100"
"China","2014","","","34.9","100"
"China","2013","","","","100"
"China","2012","","","","100"
"China","2011","","","","100"
"China","2010","","","","100"
"China","2009","","","","99"
"China","2008","","","","99"
"China","2007","","","","98"
"China","2006","","","","98"
"China","2005","","","","98"
"China","2004","","","","97"
"China","2003","","","","96"
"China","2002","","","","97"
"China","2001","","","","97"
"China","2000","","","","97"
"Colombia","2019","","","","99"
"Colombia","2018","","","","98"
"Colombia","2017","","","","99"
"Colombia","2016","86.5","","45.8",""
"Colombia","2015","","","","96 99"
"Colombia","2010-2015","","89.9","",""
"Colombia","2014","","87.9","","99"
"Colombia","2013","","86.5","","99"
"Colombia","2012","","84.8","","99"
"Colombia","2011","","","","99"
"Colombia","2010","","","","99 95"
"Colombia","2005-2010","","88.6","",""
"Colombia","2009","","","","99"
"Colombia","2008","","","","98"
"Colombia","2007","","","","98"
"Colombia","2006","","","","97"
"Colombia","2005","","","","91 96"
"Colombia","2000-2005","","83.1","",""
"Colombia","2004","","","","96"
"Colombia","2003","","","","95"
"Colombia","2002","","","","95"
"Colombia","2001","","","","93"
"Colombia","2000","","","","93"
"Colombia","1995-2000","","81","",""
"Colombia","1990-1995","","71","",""
"Colombia","1985-1990","","66.5","",""
"Comoros","2012","27.8","","","82"
"Comoros","2007-2012","","48.9","9.6",""
"Comoros","1993-1996","","52","",""
"Congo","2015","38.5","","","91"
"Congo","2012-2015","","79","4.9",""
"Congo","2012","","","","93"
"Congo","2006-2012","","78.9","",""
"Congo","2005","","","","83"
"Congo","2000-2005","","74.7","",""
"Cook Islands","2009","","","","100"
"Cook Islands","2008","","","","100"
"Cook Islands","2005","","","","100"
"Cook Islands","2000","","","","98"
"Costa Rica","2018","","","","99"
"Costa Rica","2017","","","","99"
"Costa Rica","2016","","76.6","","99"
"Costa Rica","2015","","","","90"
"Costa Rica","2010-2015","","97.6","",""
"Costa Rica","2014","","","23.5","99"
"Costa Rica","2013","","","","99"
"Costa Rica","2012","","","","99"
"Costa Rica","2011","89.1","","","98 99"
"Costa Rica","2009-2011","","90.2","",""
"Costa Rica","2010","","","","99 95"
"Costa Rica","2005-2010","","98.1","",""
"Costa Rica","2009","","","","99"
"Costa Rica","2008","","","","99"
"Costa Rica","2007","","","","99"
"Costa Rica","2006","","","","99"
"Costa Rica","2005","","","","99"
"Costa Rica","2004","","","","99"
"Costa Rica","2003","","","","98"
"Costa Rica","2002","","","","99"
"Costa Rica","2001","","","","98"
"Costa Rica","2000","","","","98"
"Costa Rica","1994-1999","","98.8","",""
"Côte d'Ivoire","2016","31.1","","","74"
"Côte d'Ivoire","2014-2016","","","3.3",""
"Côte d'Ivoire","2013-2016","","51.3","",""
"Côte d'Ivoire","2012","","","","59"
"Côte d'Ivoire","2006-2012","","44.2","",""
"Côte d'Ivoire","2006","","","","57"
"Côte d'Ivoire","2005","","","","55"
"Côte d'Ivoire","2000-2005","","45.3","",""
"Côte d'Ivoire","2004","","","","68"
"Côte d'Ivoire","1993-1999","","35.6","",""
"Côte d'Ivoire","1991-1994","","28.7","",""
"Croatia","2017","","97.1","","100"
"Croatia","2016","","97.3","23.0","100"
"Croatia","2015","","91.7","","100"
"Croatia","2014","","93","","100"
"Croatia","2013","","93.3","","100"
"Croatia","2012","","95.1","","100"
"Croatia","2011","","95.6","","100"
"Croatia","2010","","95","","100"
"Croatia","2009","","96.6","","100"
"Croatia","2008","","96.7","","100"
"Croatia","2007","","","","100"
"Croatia","2006","","","","100"
"Croatia","2005","","","","100"
"Croatia","2004","","","","100"
"Croatia","2003","","","","100"
"Croatia","2002","","","","100"
"Croatia","2001","","","","100"
"Croatia","2000","","","","100"
"Cuba","2018","","","","100"
"Cuba","2017","","","","100"
"Cuba","2016","","","","100"
"Cuba","2015","","","","100"
"Cuba","2014","88.4","","","99 100"
"Cuba","2012-2014","","97.8","40.4",""
"Cuba","2013","","100","","100"
"Cuba","2012","","100","","100"
"Cuba","2011","","100","","100"
"Cuba","2010","","","","100"
"Cuba","2009","","","","100"
"Cuba","2008","","","","100"
"Cuba","2007","","","","100"
"Cuba","2006","","","","100"
"Cuba","2005","","","","100"
"Cuba","2004","","","","100"
"Cuba","2003","","","","100"
"Cuba","2002","","","","100"
"Cuba","2001","","","","100"
"Cuba","2000","","","","100"
"Cyprus","2018","","","","98"
"Cyprus","2017","","","","96"
"Cyprus","2016","","","","96"
"Cyprus","2015","","","56.9","97"
"Cyprus","2014","","","","97"
"Cyprus","2013","","","","98 100"
"Cyprus","2012","","","","99"
"Cyprus","2011","","","","98"
"Cyprus","2010","","","","99"
"Cyprus","2009","","","","98"
"Cyprus","2008","","","","97"
"Cyprus","2007","","","","98"
"Cyprus","2006","","","","99"
"Cyprus","2005","","","","99"
"Cyprus","2004","","","","96"
"Cyprus","2000","","","","98"
"Czechia","2017","","","","100"
"Czechia","2014","","96.3","","100"
"Czechia","2013","","95.6","","100"
"Czechia","2012","","95.6","25.9","100"
"Czechia","2011","","95.2","","100"
"Czechia","2010","","94.8","","100"
"Czechia","2009","","94.7","","100"
"Czechia","2008","","95","","100"
"Czechia","2007","","95.4","","100"
"Czechia","2006","","96.1","","100"
"Czechia","2005","","96.6","","100"
"Czechia","2004","","97.4","","100"
"Czechia","2003","","97.7","","100"
"Czechia","2002","","97.7","","100"
"Czechia","2001","","97.9","","100"
"Czechia","2000","","","","100"
"Czechia","1993","","96.8","",""
"Democratic People's Republic of Korea","2017","","","","100"
"Democratic People's Republic of Korea","2015-2017","","93.7","",""
"Democratic People's Republic of Korea","2009","","","","100"
"Democratic People's Republic of Korea","2007-2009","","93.5","12.5",""
"Democratic People's Republic of Korea","2004","","","","97"
"Democratic People's Republic of Korea","2002-2004","","94.9","",""
"Democratic Republic of the Congo","2014","15.6","","","80"
"Democratic Republic of the Congo","2008-2014","","48","5.1",""
"Democratic Republic of the Congo","2010","","","","74"
"Democratic Republic of the Congo","2008-2010","","43.8","",""
"Democratic Republic of the Congo","2007","","","","64"
"Democratic Republic of the Congo","2002-2007","","46.7","",""
"Democratic Republic of the Congo","2001","","","","61"
"Denmark","2018","","","","95"
"Denmark","2017","","","","95"
"Denmark","2016","","","19.5","94"
"Denmark","2015","","","","95"
"Denmark","2014","","","","96"
"Denmark","2013","","","","96"
"Denmark","2012","","","","98"
"Denmark","2011","","","","99"
"Denmark","2010","","","","99"
"Denmark","2009","","","","99"
"Denmark","2007","","","","98"
"Denmark","2006","","","","99"
"Denmark","2005","","","","99"
"Denmark","2004","","","","99"
"Denmark","2003","","","","99"
"Denmark","2002","","","","99"
"Denmark","2001","","","","99"
"Denmark","2000","","","","99"
"Djibouti","2012","","","","87"
"Djibouti","2007-2012","","25.7","11.0",""
"Djibouti","2006","","","","78"
"Djibouti","2003","","","","61"
"Djibouti","1997-2002","","7.1","",""
"Dominica","2017","","84.7","","100"
"Dominica","2016","","70","","100"
"Dominica","2015","","89.6","","100"
"Dominica","2014","","","","100"
"Dominica","2013","","","","100"
"Dominica","2012","","","","100"
"Dominica","2011","","","","100"
"Dominica","2010","","","","100"
"Dominica","2009","","","","100"
"Dominica","2008","","","","100"
"Dominica","2007","","","","94"
"Dominica","2005","","","","99"
"Dominica","2004","","","","100"
"Dominica","2003","","","","100"
"Dominica","2002","","","","100"
"Dominica","2000","","","","100"
"Dominican Republic","2016","","","","100"
"Dominican Republic","2015","","","","100"
"Dominican Republic","2014","84.1","","","98 100"
"Dominican Republic","2013","","","","99 99"
"Dominican Republic","2008-2013","","95.4","",""
"Dominican Republic","2012","","92.9","58.1","99"
"Dominican Republic","2011","","","","99"
"Dominican Republic","2010","","","","97 98"
"Dominican Republic","2007","","","","98"
"Dominican Republic","2002-2007","","94.5","",""
"Dominican Republic","2006","","","","96"
"Dominican Republic","1997-2002","","93.5","",""
"Dominican Republic","1999-2000","","89.9","",""
"Dominican Republic","1991-1996","","87.6","",""
"Dominican Republic","1991","","85","",""
"Ecuador","2018","","","","96"
"Ecuador","2017","","","","96"
"Ecuador","2016","","","","96"
"Ecuador","2015","","","49.0","94"
"Ecuador","2014","","","","95"
"Ecuador","2013","","79.5","","93"
"Ecuador","2012","80.7","79.5","","92"
"Ecuador","2011","","","","90"
"Ecuador","2010","","","","87"
"Ecuador","2009","","","","86"
"Ecuador","2008","","","","84"
"Ecuador","2007","","","","82"
"Ecuador","2006","","","","81"
"Ecuador","2005","","","","79"
"Ecuador","2004","","","","76"
"Ecuador","1999-2004","","57.5","",""
"Ecuador","1994-1999","","65.5","",""
"Ecuador","1989-1994","","63.6","",""
"Egypt","2014","80","","","92"
"Egypt","2009-2014","","82.8","51.8",""
"Egypt","2008","","","","79"
"Egypt","2003-2008","","66","",""
"Egypt","2005","","","","74"
"Egypt","2000-2005","","58.5","",""
"Egypt","1998-2003","","55.6","",""
"Egypt","1995-2000","","36.7","",""
"Egypt","1993-1998","","33.1","",""
"Egypt","1992-1997","","31.8","",""
"Egypt","1990-1995","","28.3","",""
"Egypt","1987-1992","","22.5","",""
"El Salvador","2018","","","","100"
"El Salvador","2017","","82","","100"
"El Salvador","2016","","75.1","31.3","100"
"El Salvador","2015","","74","","100"
"El Salvador","2014","81.9","","","100 98"
"El Salvador","2012-2014","","90","",""
"El Salvador","2013","","","","100"
"El Salvador","2012","","","","100"
"El Salvador","2011","","","","99"
"El Salvador","2010","","","","98"
"El Salvador","2009","","","","98"
"El Salvador","2008","","","","95 96"
"El Salvador","2003-2008","","78.3","",""
"El Salvador","2007","","","","93"
"El Salvador","2006","","","","90"
"El Salvador","2005","","","","87"
"El Salvador","1997-2003","","71.2","",""
"El Salvador","1993-1998","","58.9","",""
"Equatorial Guinea","2011","20.5","","","68"
"Equatorial Guinea","2006-2011","","66.9","6.6",""
"Eritrea","2010","19.6","","","34"
"Eritrea","2005-2010","","57.4","2.8",""
"Eritrea","1997-2002","","40.9","",""
"Eritrea","1992-1995","","26.6","",""
"Estonia","2018","","","","99"
"Estonia","2017","","95.6","","99"
"Estonia","2016","","92.2","20.3","99"
"Estonia","2015","","94.4","","100"
"Estonia","2014","","96.8","","99"
"Estonia","2013","","97.3","","99"
"Estonia","2012","","97.4","","99"
"Estonia","2011","","96.8","","99"
"Estonia","2010","","97.1","","99"
"Estonia","2009","","97.2","","99"
"Estonia","2008","","96.9","","99"
"Estonia","2007","","96.9","","99"
"Estonia","2006","","96.8","","100"
"Estonia","2005","","96.2","","100"
"Estonia","2004","","96","","100"
"Estonia","2003","","95.5","","99"
"Estonia","2002","","94","","100"
"Estonia","2001","","94.2","","100"
"Estonia","2000","","94","","100"
"Estonia","1999","","93.7","",""
"Estonia","1998","","93.6","",""
"Estonia","1997","","93.7","",""
"Estonia","1996","","93.7","",""
"Estonia","1995","","93.3","",""
"Estonia","1994","","92.1","",""
"Estonia","1993","","91.9","",""
"Estonia","1992","","92.1","",""
"Eswatini","2014","80.6","","","88"
"Eswatini","2012-2014","","76.1","11.6",""
"Eswatini","2010","","","","82"
"Eswatini","2008-2010","","76.6","",""
"Eswatini","2007","","","","69"
"Eswatini","2001-2007","","79.3","",""
"Eswatini","2002","","","","74"
"Ethiopia","2017-2019","","43","",""
"Ethiopia","2017","59.4","","",""
"Ethiopia","2016","","","","28"
"Ethiopia","2011-2016","","31.8","1.9",""
"Ethiopia","2014","","","","16"
"Ethiopia","2009-2014","","32.1","",""
"Ethiopia","2011","","","","10"
"Ethiopia","2005-2011","","19.1","",""
"Ethiopia","2005","","","","6"
"Ethiopia","2000-2005","","12.2","",""
"Ethiopia","1995-2000","","10.4","",""
"Fiji","2016","","","","100"
"Fiji","2015","","","","100"
"Fiji","2014","","","","100"
"Fiji","2013","","93.6","","100 99"
"Fiji","2012","","","","99"
"Fiji","2011","","","","100"
"Fiji","2010","","","","100"
"Fiji","2009","","","","100"
"Fiji","2008","","","","99"
"Fiji","2007","","","","99"
"Fiji","2006","","","","99"
"Fiji","2005","","","","97"
"Fiji","2004","","","","97"
"Fiji","2003","","","","97"
"Fiji","2002","","","","97"
"Fiji","2001","","","","98"
"Fiji","2000","","","","97"
"Finland","2018","","","","100"
"Finland","2017","","","","100"
"Finland","2016","","","16.4","100"
"Finland","2015","","","","100"
"Finland","2014","","98","","100"
"Finland","2013","","98.6","",""
"Finland","2012","","98.8","","100"
"Finland","2011","","98.7","","100"
"Finland","2010","","99.1","","100"
"Finland","2009","","99.1","","100"
"Finland","2008","","99.3","","100"
"Finland","2007","","99.3","","100"
"Finland","2006","","99.3","","100"
"Finland","2005","","99.2","","100"
"Finland","2004","","99.3","","100"
"Finland","2003","","99.3","","100"
"Finland","2002","","99.4","","100"
"Finland","2001","","99.5","","99"
"Finland","2000","","99.3","","98"
"France","2018","","","","98"
"France","2017","","","","98"
"France","2016","","99.2","19.6","97"
"France","2015","","","","98"
"France","2014","","","","98"
"France","2013","","","","98"
"France","2012","","","","97"
"France","2011","","","","96"
"France","2010","","98.9","","98"
"France","2009","","","","98"
"France","2008","","","","98"
"France","2007","","","","98"
"France","2006","","","","98"
"France","2005","","","","98"
"France","2004","","","","98"
"France","2003","","98.8","",""
"France","2001","","","","100"
"France","1998","","90.3","",""
"France","1995","","90.5","",""
"Gabon","2012","33.7","","","89"
"Gabon","2007-2012","","77.6","10.0",""
"Gabon","1995-2000","","63.3","",""
"Gambia","2018","","","","83"
"Gambia","2016-2018","","75.6","",""
"Gambia","2013","23.9","","","57"
"Gambia","2008-2013","","77.6","2.0",""
"Gambia","2010","","","","56"
"Gambia","2008-2010","","72","",""
"Gambia","2006","","","","52"
"Georgia","2018","","","","99"
"Georgia","2016","","81.2","","100"
"Georgia","2015","","88.3","41.4","100"
"Georgia","2014","","86.9","","100"
"Georgia","2013","","84.6","","100"
"Georgia","2012","","84.2","","100"
"Georgia","2011","","81.6","","100"
"Georgia","2010","","83.1","","100"
"Georgia","2005-2010","","90.2","",""
"Georgia","2009","","78.5","","100 100"
"Georgia","2008","","71.8","","100"
"Georgia","2007","","70.7","","99"
"Georgia","2006","","68","","99"
"Georgia","2005","","65.8","","99 98"
"Georgia","2000-2005","","75","",""
"Georgia","2004","","59.4","","98"
"Georgia","2003","","60.6","","97"
"Georgia","2002","","61.3","","97"
"Georgia","2001","","59.3","","97"
"Georgia","2000","","61.6","","96"
"Georgia","1999-2000","","75.6","",""
"Germany","2017","","","","99"
"Germany","2016","","","30.5","98"
"Germany","2015","","","","99"
"Germany","2014","","","","99"
"Germany","2013","","","","99"
"Germany","2012","","","","99"
"Germany","2011","","","","98"
"Germany","2010","","","","98"
"Germany","2009","","","","98"
"Germany","2008","","","","99"
"Germany","2007","","","","98"
"Germany","2006","","","","98"
"Germany","2005","","","","98"
"Germany","2004","","","","98"
"Germany","2003","","","","99"
"Germany","2002","","","","99"
"Germany","2001","","","","99"
"Germany","2000","","","","99"
"Ghana","2017","46.2","","","78"
"Ghana","2012-2017","","89.3","",""
"Ghana","2014","","","","71"
"Ghana","2009-2014","","87.3","12.8",""
"Ghana","2011","","","","67"
"Ghana","2009-2011","","86.6","",""
"Ghana","2008","","","","55"
"Ghana","2003-2008","","78.2","",""
"Ghana","2007","","","","55"
"Ghana","2002-2007","","76.7","",""
"Ghana","2006","","","","50"
"Ghana","1998-2003","","69.4","",""
"Ghana","1993-1998","","62.3","",""
"Ghana","1990-1993","","58.9","",""
"Greece","2018","","","","100"
"Greece","2017","","","","100"
"Greece","2016","","","","100"
"Greece","2015","","","","100"
"Greece","2014","","","","100"
"Greece","2013","","","","100"
"Greece","2012","","","","100"
"Greece","2011","","","","100"
"Greece","2010","","","","100"
"Greece","2009","","","","100"
"Greece","2008","","","","100"
"Greece","2007","","","","100"
"Greece","2006","","","","100"
"Greece","2005","","","","100"
"Greece","2004","","","","100"
"Greece","2003","","","","100"
"Greece","2002","","","","100"
"Greece","2001","","","","100"
"Greece","2000","","","","100"
"Grenada","2017","","67","","100"
"Grenada","2016","","59.8","","99"
"Grenada","2015","","","","99"
"Grenada","2014","","","","99"
"Grenada","2013","","","","99"
"Grenada","2012","","","","99"
"Grenada","2011","","","","100"
"Grenada","2009","","","","100"
"Grenada","2007","","","","99"
"Grenada","2005","","","","100"
"Grenada","2003","","","","100"
"Grenada","2000","","","","100"
"Guatemala","2016","","","","70"
"Guatemala","2015","65.6","","","66"
"Guatemala","2009-2015","","86.2","26.3",""
"Guatemala","2014","","","","67"
"Guatemala","2013","","","","63"
"Guatemala","2012","","","","59"
"Guatemala","2010","","","","52"
"Guatemala","2009","","","","52"
"Guatemala","2007","","","","31"
"Guatemala","1990-1995","","65","",""
"Guinea","2018","","","","55"
"Guinea","2013-2018","","35.3","",""
"Guinea","2016","21.5","","","63"
"Guinea","2014-2016","","","3.1",""
"Guinea","2013-2016","","50.6","",""
"Guinea","2012","","","","45"
"Guinea","2007-2012","","56.6","",""
"Guinea","2007","","","","46"
"Guinea","2002-2007","","50.3","",""
"Guinea","2005","","","","38"
"Guinea","2000-2005","","48.8","",""
"Guinea","2003","","","","49"
"Guinea","1994-1999","","46.3","",""
"Guinea","1987-1992","","24.5","",""
"Guinea-Bissau","2014","37.6","","","45"
"Guinea-Bissau","2012-2014","","64.9","3.9",""
"Guinea-Bissau","2010","","","","43"
"Guinea-Bissau","2008-2010","","67.6","",""
"Guinea-Bissau","2006","","","","31"
"Guyana","2015","","","","96"
"Guyana","2014","52.5","","","86"
"Guyana","2012-2014","","86.7","16.9",""
"Guyana","2013","","95.1","","98"
"Guyana","2009","","","","87"
"Guyana","2004-2009","","78.5","",""
"Guyana","2008","","","","96"
"Guyana","2007","","","","93"
"Guyana","2006","","","","97 81"
"Guyana","2005","","","","97"
"Guyana","2004","","","","96"
"Haiti","2017","44","","","42"
"Haiti","2011-2017","","66.6","",""
"Haiti","2013","","","5.4","49"
"Haiti","2012","","","","37"
"Haiti","2007-2012","","67.3","",""
"Haiti","2006","","","","26"
"Haiti","2000-2006","","53.8","",""
"Haiti","1995-2000","","44.2","",""
"Haiti","1989-1995","","35.6","",""
"Honduras","2017","","","","74"
"Honduras","2016","","","","79"
"Honduras","2015","","","","72"
"Honduras","2012","76","","","83"
"Honduras","2006-2012","","88.9","18.6",""
"Honduras","2006","","","","66"
"Honduras","2000-2006","","80.8","",""
"Honduras","1996-2000","","58.6","",""
"Honduras","1991-1996","","65.4","",""
"Honduras","1987-1992","","85","",""
"Hungary","2017","","","","100"
"Hungary","2016","","","","100"
"Hungary","2015","","","","100"
"Hungary","2014","","","36.4","99"
"Hungary","2013","","","","99"
"Hungary","2012","","","","99"
"Hungary","2011","","","","99"
"Hungary","2010","","","","99"
"Hungary","2009","","","","100"
"Hungary","2008","","","","100"
"Hungary","2007","","","","100"
"Hungary","2006","","","","100"
"Hungary","2005","","","","100"
"Hungary","2004","","","","100"
"Hungary","2003","","","","100"
"Hungary","2002","","","","100"
"Hungary","2001","","","","100"
"Hungary","2000","","","","100"
"Iceland","2018","","","","98"
"Iceland","2017","","97.9","","98"
"Iceland","2016","","97.7","18.3","98"
"Iceland","2015","","98.1","","98"
"Iceland","2014","","98.3","","98"
"Iceland","2013","","98.7","","98"
"Iceland","2012","","98.6","","98"
"Iceland","2011","","98.2","","98"
"Iceland","2010","","98.1","","98"
"Iceland","2009","","98.2","","99"
"Iceland","2008","","98.3","","99"
"Iceland","2007","","98.6","","99"
"Iceland","2006","","99","","99"
"Iceland","2005","","98.4","","99"
"Iceland","2004","","98.8","","99"
"Iceland","2003","","99","","99"
"Iceland","2002","","98.8","","99"
"Iceland","2001","","98.8","","100"
"Iceland","2000","","","","99"
"India","2016","72","","","81"
"India","2010-2016","","51.2","17.2",""
"India","2014","","","","81"
"India","2010-2014","","45.4","",""
"India","2010-2011","","70.7","",""
"India","2009-2010","","72","",""
"India","2008","","","","52"
"India","2004-2008","","49.7","",""
"India","2006","","","","47"
"India","2000-2006","","37","",""
"India","1999-2004","","37.6","",""
"India","1995-1999","","29.5 44.2","",""
"India","1988-1993","","26.9","",""
"Indonesia","2019","","","","95"
"Indonesia","2018","","","","94"
"Indonesia","2017","77.9","","","93"
"Indonesia","2016","","","","93"
"Indonesia","2013","","","","87"
"Indonesia","2010-2013","","83.5","",""
"Indonesia","2012","","","","83"
"Indonesia","2007-2012","","87.8","12.3",""
"Indonesia","2007","","","","73"
"Indonesia","2002-2007","","81.5","",""
"Indonesia","1997-2003","","81","",""
"Indonesia","1992-1997","","69.1","",""
"Indonesia","1989-1994","","61.2","",""
"Indonesia","1986-1991","","55.4","",""
"Iran (Islamic Republic of)","2014","","","","99"
"Iran (Islamic Republic of)","2013","","","","99"
"Iran (Islamic Republic of)","2012","","","","99"
"Iran (Islamic Republic of)","2011","68.6","","","99"
"Iran (Islamic Republic of)","2010","","","","98 96"
"Iran (Islamic Republic of)","2008-2010","","","45.6",""
"Iran (Islamic Republic of)","2009","","","","98"
"Iran (Islamic Republic of)","2005","","94.3","","97"
"Iraq","2018","","","","96"
"Iraq","2016-2018","","67.9","",""
"Iraq","2012","","","24.4","70"
"Iraq","2011","59.3","","","91"
"Iraq","2009-2011","","49.6","",""
"Iraq","2007","","","","80"
"Iraq","2006","","","","89"
"Ireland","2016","","","","100"
"Ireland","2015","","","31.3","100"
"Ireland","2014","","","","100"
"Ireland","2013","","","","100"
"Ireland","2012","","","","100"
"Ireland","2011","","","","100"
"Ireland","2010","","","","100"
"Ireland","2009","","","","100"
"Ireland","2008","","","","100"
"Ireland","2007","","","","100"
"Ireland","2006","","","","100"
"Ireland","2005","","","","100"
"Ireland","2004","","","","100"
"Ireland","2003","","","","100"
"Ireland","2002","","","","100"
"Ireland","2001","","","","100"
"Ireland","2000","","","","100"
"Israel","2014","","","16.1",""
"Italy","2016","","85.3","","100"
"Italy","2015","","87.3","","100"
"Italy","2014","","87.3","35.0","100"
"Italy","2013","","86.5","","100"
"Italy","2011","","85.9","","100"
"Italy","2010","","84.6","","100"
"Italy","2009","","84.2","","100"
"Italy","2008","","84.6","","100"
"Italy","2007","","84.4","","100"
"Italy","2006","","84.5","","100"
"Italy","2005","","82.9","","100"
"Italy","2004","","84.5","","100"
"Italy","2003","","68.1","","100"
"Italy","2002","","64.4","","100"
"Jamaica","2016","","","","100"
"Jamaica","2015","","","","100"
"Jamaica","2011","","","","99"
"Jamaica","2009-2011","","85.6","21.2",""
"Jamaica","2010","","","","90"
"Jamaica","2009","82.9","","","98 96"
"Jamaica","2003-2009","","87","",""
"Jamaica","2007","","","","93"
"Jamaica","2005","","","","97"
"Jamaica","1997-2002","","90.1","",""
"Jamaica","1992-1997","","87.2","",""
"Jamaica","1988-1993","","80.9","",""
"Japan","2018","","","","100"
"Japan","2017","","","","100"
"Japan","2016","","","","100"
"Japan","2015","","","","100"
"Japan","2014","","","19.7","100"
"Japan","2012","","","","100"
"Japan","2011","","","","100"
"Japan","2010","","","","100"
"Japan","2009","","","","100"
"Japan","2008","","","","100"
"Japan","2007","","","","100"
"Japan","2006","","","","100"
"Japan","2005","","","","100"
"Japan","2004","","","","100"
"Japan","2003","","","","100"
"Japan","2002","","","","100"
"Japan","2001","","","","100"
"Japan","2000","","","","100"
"Jordan","2018","","","","100"
"Jordan","2013-2018","","91.6","",""
"Jordan","2012","58","","","100"
"Jordan","2007-2012","","94.5","28.0",""
"Jordan","2007","","","","99"
"Jordan","2002-2007","","94.1","",""
"Jordan","1997-2002","","90.9","",""
"Jordan","1992-1997","","86.2","",""
"Jordan","1985-1990","","67.1","",""
"Kazakhstan","2018","","","","100"
"Kazakhstan","2017","","","","100"
"Kazakhstan","2016","","","","100"
"Kazakhstan","2015","","","","99"
"Kazakhstan","2013-2015","","95.3","14.8",""
"Kazakhstan","2014","","","","100"
"Kazakhstan","2013","","","","100"
"Kazakhstan","2012","","","","100"
"Kazakhstan","2011","79.6","","","100 100"
"Kazakhstan","2008-2011","","87","",""
"Kazakhstan","2010","","","","99"
"Kazakhstan","2009","","","","99"
"Kazakhstan","2008","","","","99"
"Kazakhstan","2006","","","","100 100"
"Kazakhstan","2005","","","","99"
"Kazakhstan","2004","","","","99"
"Kazakhstan","2003","","","","99"
"Kazakhstan","2002","","","","99"
"Kazakhstan","2001","","","","99"
"Kazakhstan","2000","","","","98"
"Kazakhstan","1994-1999","","70","",""
"Kazakhstan","1992-1995","","81.9","",""
"Kenya","2016","77.6","","",""
"Kenya","2014","","","","62"
"Kenya","2009","","57.6","8.7","44"
"Kenya","2003-2009","","47.1","",""
"Kenya","1998-2003","","52.3","",""
"Kenya","1995-1998","","60.8","",""
"Kenya","1988-1993","","63.9","",""
"Kiribati","2016-2019","","67","",""
"Kiribati","2010","","","","98"
"Kiribati","2009","35.8","","","80"
"Kiribati","2004-2009","","70.5","9.6",""
"Kiribati","2008","","","","65"
"Kiribati","2005","","","","63 90"
"Kiribati","2002","","","","76"
"Kiribati","2000","","","","85"
"Kuwait","2016","","","","100"
"Kuwait","2015","","","","100"
"Kuwait","2014","","","","99"
"Kuwait","2013","","","","99"
"Kuwait","2012","","","","99"
"Kuwait","2011","","","","99"
"Kuwait","2010","","","","99"
"Kuwait","2009","","","","99"
"Kuwait","2008","","","","99"
"Kuwait","2007","","","","99"
"Kuwait","2006","","","","99"
"Kuwait","2005","","","","99"
"Kuwait","2004","","","","98"
"Kuwait","1996","","88.5","",""
"Kyrgyzstan","2018","","","","100"
"Kyrgyzstan","2016-2018","","94.3","",""
"Kyrgyzstan","2014","","","","99 98"
"Kyrgyzstan","2012-2014","","94.6","7.4",""
"Kyrgyzstan","2013","","","","99"
"Kyrgyzstan","2012","62.1","","","99 99"
"Kyrgyzstan","2007-2012","","83.6","",""
"Kyrgyzstan","2011","","","","99"
"Kyrgyzstan","2010","","","","98"
"Kyrgyzstan","2009","","","","99"
"Kyrgyzstan","2008","","","","99"
"Kyrgyzstan","2007","","","","98"
"Kyrgyzstan","2006","","","","98"
"Kyrgyzstan","2005","","","","98"
"Kyrgyzstan","2004","","","","98"
"Kyrgyzstan","2003","","","","99"
"Kyrgyzstan","2002","","","","99"
"Kyrgyzstan","2001","","","","99"
"Kyrgyzstan","2000","","","","99"
"Kyrgyzstan","1994-1997","","81.1","",""
"Lao People's Democratic Republic","2017","","","","64"
"Lao People's Democratic Republic","2015-2017","","62.2","",""
"Lao People's Democratic Republic","2012","61.3","","","40"
"Lao People's Democratic Republic","2009-2012","","36.9","3.7",""
"Lao People's Democratic Republic","2006","","","","19"
"Lao People's Democratic Republic","2005","","","","15"
"Lao People's Democratic Republic","2000-2005","","60.7","",""
"Latvia","2017","","","","100"
"Latvia","2016","","","21.7","100"
"Latvia","2015","","","","100"
"Latvia","2014","","","","98"
"Latvia","2013","","","","98"
"Latvia","2012","","","","99"
"Latvia","2011","","","","99"
"Latvia","2010","","","","99"
"Latvia","2009","","","","99"
"Latvia","2008","","","","99"
"Latvia","2007","","","","99"
"Lebanon","2016","","","47.1",""
"Lebanon","1999-2000","","80.9","",""
"Lesotho","2018","","","","87"
"Lesotho","2016-2018","","76.6","",""
"Lesotho","2014","76.1","","","78"
"Lesotho","2009-2014","","74.4","9.7",""
"Lesotho","2009","","","","62"
"Lesotho","2004-2009","","70.4","",""
"Lesotho","1999-2004","","69.6","",""
"Liberia","2013","37.2","","","61"
"Liberia","2008-2013","","78.1","3.9",""
"Liberia","2007","","","","46"
"Liberia","2002-2007","","66","",""
"Liberia","1996-2000","","73.3","",""
"Libya","2013","","","","100"
"Libya","2012","","","","100"
"Libya","2011","","","","100"
"Libya","2010","","","","100"
"Libya","2007","29.6","","","98"
"Lithuania","2015","","","21.9",""
"Lithuania","2014","","","","100"
"Lithuania","2013","","","","100"
"Lithuania","2012","","","","100"
"Lithuania","2011","","","","100"
"Lithuania","2010","","","","100"
"Lithuania","2009","","","","100"
"Lithuania","2008","","","","100"
"Lithuania","2007","","","","100"
"Lithuania","2006","","","","100"
"Lithuania","2005","","","","100"
"Lithuania","2004","","","","100"
"Lithuania","2003","","","","100"
"Lithuania","2002","","","","100"
"Lithuania","2001","","","","100"
"Lithuania","2000","","","","100"
"Luxembourg","2013","","97.5","30.5",""
"Luxembourg","2012","","97.3","",""
"Luxembourg","2011","","97.3","",""
"Luxembourg","2009","","","","100"
"Luxembourg","2003","","","","100"
"Madagascar","2018","","","","46"
"Madagascar","2016-2018","","51","",""
"Madagascar","2013","","","","44"
"Madagascar","2007-2013","","51.1","1.9",""
"Madagascar","2009","49.6","","","44"
"Madagascar","2003-2008","","49.3","",""
"Madagascar","1998-2004","","39.9","",""
"Madagascar","1994-1997","","39.7","",""
"Madagascar","1987-1992","","42.9","",""
"Malawi","2016","74.6","","","90"
"Malawi","2010-2016","","50.6","6.1",""
"Malawi","2014","","","","87"
"Malawi","2011-2014","","44.7","",""
"Malawi","2010","","","","71"
"Malawi","2005-2010","","45.5","",""
"Malawi","2006","","","","54"
"Malawi","1999-2004","","57","",""
"Malawi","1995-2000","","56","",""
"Malawi","1987-1992","","62.8","",""
"Malaysia","2017","","","","100"
"Malaysia","2016","","","","100"
"Malaysia","2015","","","","99"
"Malaysia","2014","","","","99"
"Malaysia","2013","","","","99"
"Malaysia","2012","","","","99"
"Malaysia","2011","","","","99"
"Malaysia","2010","","","","99"
"Malaysia","2009","","","","99"
"Malaysia","2008","","","","99"
"Malaysia","2007","","","","99"
"Malaysia","2006","","","15.7","98"
"Malaysia","2005","","","","98"
"Malaysia","2004","","","","98"
"Malaysia","2003","","","","98"
"Malaysia","2002","","","","97"
"Malaysia","2001","","","","97"
"Malaysia","2000","","","","97"
"Maldives","2017","","","","100"
"Maldives","2011-2017","","81.6","",""
"Maldives","2014","","","41.2","96"
"Maldives","2013","","","","96"
"Maldives","2012","","","","96"
"Maldives","2011","","","","99"
"Maldives","2010","","","","98"
"Maldives","2009","42.7","","","95 97"
"Maldives","2004-2009","","85.1","",""
"Maldives","2008","","","","98"
"Maldives","2007","","","","96"
"Maldives","2006","","","","94"
"Maldives","2005","","","","92"
"Maldives","2004","","91","","85 84"
"Mali","2018","","","","67"
"Mali","2013-2018","","43.3","",""
"Mali","2015","46","","","44"
"Mali","2013-2015","","38","2.0",""
"Mali","2007-2013","","41.2","",""
"Mali","2006","","","","49"
"Mali","2001-2006","","35.4","",""
"Mali","1996-2001","","29.9","",""
"Mali","1990-1996","","25.8","",""
"Malta","2017","","","","100"
"Malta","2016","","","30.7","100"
"Malta","2015","","","","100"
"Malta","2014","","","","100"
"Malta","2013","","","","100"
"Malta","2012","","","","100"
"Malta","2011","","","","100"
"Malta","2010","","","","100"
"Malta","2009","","","","100"
"Malta","2008","","","","100"
"Malta","2007","","","","100"
"Malta","2006","","","","99"
"Malta","2005","","","","100"
"Malta","2004","","","","100"
"Malta","2003","","","","100"
"Malta","2002","","","","100"
"Malta","2001","","","","100"
"Marshall Islands","2017","","","","92"
"Marshall Islands","2015-2017","","67.8","",""
"Marshall Islands","2011","","","","90"
"Marshall Islands","2010","","","","90"
"Marshall Islands","2009","","","","87"
"Marshall Islands","2007","80.5","","","86"
"Marshall Islands","2002-2007","","77.1","9.3",""
"Mauritania","2015","30.4","","","69"
"Mauritania","2013-2015","","63","4.9",""
"Mauritania","2011","","","","65"
"Mauritania","2009-2011","","48.4","",""
"Mauritania","2007","","","","57"
"Mauritania","1995-2001","","16.4","",""
"Mauritania","1985-1991","","7.8","",""
"Mauritius","2017","","","","100"
"Mauritius","2016","","","45.4","100"
"Mauritius","2015","","","","100"
"Mauritius","2014","41.9","","","100"
"Mauritius","2012","","","","100"
"Mauritius","2010","","","","100"
"Mauritius","2009","","","","99"
"Mauritius","2008","","","","100"
"Mauritius","2005","","","","99"
"Mauritius","2003","","","","98"
"Mauritius","2000","","","","100"
"Mexico","2016","","89.5","","96"
"Mexico","2015","80.9","","","98"
"Mexico","2013-2015","","94.3","40.7",""
"Mexico","2014","","","","96"
"Mexico","2012","","","","100"
"Mexico","2007-2012","","91","",""
"Mexico","2009","","","","95"
"Mexico","2006","","","","93"
"Micronesia (Federated States of)","2009","","","","100"
"Micronesia (Federated States of)","2008","","","","90"
"Micronesia (Federated States of)","2006","","","10.5","85 88"
"Micronesia (Federated States of)","2005","","","","83"
"Micronesia (Federated States of)","2003","","","","85"
"Micronesia (Federated States of)","2002","","","","82"
"Micronesia (Federated States of)","2001","","","","86"
"Micronesia (Federated States of)","2000","","","","83 88"
"Monaco","2015","","","20.6",""
"Mongolia","2018","","","","99"
"Mongolia","2016-2018","","88.5","",""
"Mongolia","2013","68.3","","","99"
"Mongolia","2011-2013","","89.6","23.4",""
"Mongolia","2010","","","","99"
"Mongolia","2008-2010","","81.4","",""
"Mongolia","2008","","","","99"
"Mongolia","2005","","","","99"
"Mongolia","2004","","","","100"
"Montenegro","2018","","","","99"
"Montenegro","2016-2018","","75.4","",""
"Montenegro","2013","34.1","","","99"
"Montenegro","2011-2013","","86.6","19.9",""
"Montenegro","2009","","","","100"
"Montenegro","2008","","","","100"
"Montenegro","2007","","","","100"
"Montenegro","2006","","","","87 100"
"Montenegro","2005","","","","99"
"Montenegro","2004","","","","98"
"Montenegro","2003","","","","99"
"Montenegro","2002","","","","98"
"Montenegro","2001","","","","97"
"Montenegro","2000","","","","99"
"Morocco","2018","","","","87"
"Morocco","2012-2018","","60.9","",""
"Morocco","2015","","","15.2",""
"Morocco","2011","74.8","","","74"
"Morocco","2006-2011","","55.3","",""
"Morocco","2010","","","","74"
"Morocco","1998-2004","","30.5","",""
"Morocco","1990-1995","","12","",""
"Morocco","1987-1992","","8","",""
"Mozambique","2015","50.4","","","73"
"Mozambique","2011","","","","54"
"Mozambique","2006-2011","","50.6","3.9",""
"Mozambique","2008","","","","55"
"Mozambique","1998-2003","","53.1","",""
"Mozambique","1994-1997","","37.3","",""
"Myanmar","2016","75","","","60"
"Myanmar","2010-2016","","58.6","17.1",""
"Myanmar","2010","","","","71"
"Myanmar","2007","","","","64"
"Myanmar","2002-2007","","73.4","",""
"Myanmar","1996-2001","","38.3","",""
"Myanmar","1992-1997","","36.6","",""
"Namibia","2013","75.1","","","88"
"Namibia","2008-2013","","62.5","14.4",""
"Namibia","2007","","","","81"
"Namibia","2001-2007","","70.4","",""
"Namibia","1995-2000","","69.1","",""
"Namibia","1987-1992","","55.8","",""
"Nauru","2007","42.5","","","97"
"Nauru","2002-2007","","40.2","7.5",""
"Nepal","2017","56.1","","",""
"Nepal","2016","","","","58"
"Nepal","2011-2016","","69.4","9.0",""
"Nepal","2014","","","","56"
"Nepal","2012-2014","","59.5","",""
"Nepal","2011","","","","36"
"Nepal","2006-2011","","50.1","",""
"Nepal","2006","","","","19"
"Nepal","2001-2006","","29.4","",""
"Nepal","1996-2001","","14.3","",""
"Nepal","2000","","","","12"
"Nepal","1993-1996","","8.8","",""
"Netherlands","2015","","","16.6",""
"New Zealand","2017","","","","97"
"New Zealand","2015","","","25.5","96"
"New Zealand","2014","","","","97"
"New Zealand","2013","","","","97"
"New Zealand","2012","","","","97"
"New Zealand","2011","","","","97"
"New Zealand","2010","","","","97"
"New Zealand","2009","","","","97"
"New Zealand","2008","","","","97"
"New Zealand","2007","","","","97"
"New Zealand","2006","","","","97"
"New Zealand","2005","","","","97"
"New Zealand","2004","","","","94"
"New Zealand","2003","","","","98"
"New Zealand","2002","","","","99"
"New Zealand","2001","","","","97"
"New Zealand","2000","","","","97"
"Nicaragua","2017","","63","","96"
"Nicaragua","2016","","68","","95"
"Nicaragua","2015","","72","","95"
"Nicaragua","2014","","71","","95"
"Nicaragua","2013","","74.9","","94"
"Nicaragua","2012","89.8","","","88"
"Nicaragua","2006-2012","","87.8","29.7",""
"Nicaragua","2011","","","","74"
"Nicaragua","2010","","","","74"
"Nicaragua","2007","","","","74"
"Nicaragua","2001-2007","","77.7","",""
"Nicaragua","1996-2001","","71.6","",""
"Nicaragua","1993-1998","","61.6","",""
"Niger","2017","45.4","","",""
"Niger","2015","","","","40"
"Niger","2014-2015","","38.5","",""
"Niger","2012","","","","29"
"Niger","2007-2012","","32.8","1.4",""
"Niger","2006","","","","18"
"Niger","2001-2006","","14.9","",""
"Niger","1995-1998","","11.4","",""
"Niger","1987-1992","","8.4","",""
"Nigeria","2018","","","","43"
"Nigeria","2013-2018","","56.8","",""
"Nigeria","2017","26.3","","","43"
"Nigeria","2014-2017","","","2.8",""
"Nigeria","2013-2017","","49.1","",""
"Nigeria","2013","","","","35"
"Nigeria","2008-2013","","51.1","",""
"Nigeria","2011","","","","47"
"Nigeria","2009-2011","","56.6","",""
"Nigeria","2008","","","","34"
"Nigeria","2003-2008","","44.8","",""
"Nigeria","1998-2003","","47.4","",""
"Nigeria","1996-1999","","47.3","",""
"Nigeria","1985-1990","","52","",""
"Niue","2011","","","","100"
"Niue","2010","","","","100"
"Niue","2007","","","","100"
"Niue","2006","","","","100"
"Niue","2005","","","","100"
"Niue","2002","","","","100"
"Niue","2001","","","","100"
"Niue","2000","","","","100"
"Norway","2018","","","","99"
"Norway","2017","","","","99"
"Norway","2016","","","16.1","99"
"Norway","2015","","","","99"
"Norway","2014","","","","99"
"Norway","2013","","","","99"
"Norway","2012","","","","99"
"Norway","2011","","","","99"
"Norway","2010","","","","99"
"Norway","2009","","","","99"
"Norway","2008","","","","99"
"Norway","2007","","","","99"
"Norway","2006","","","","99"
"Norway","2005","","","","99"
"Norway","2004","","","","99"
"Norway","2003","","","","99"
"Norway","2002","","","","99"
"Norway","2001","","","","99"
"Norway","2000","","","","99"
"occupied Palestinian territory, including east Jerusalem","2014","","","","100"
"occupied Palestinian territory, including east Jerusalem","2010","","","","99"
"occupied Palestinian territory, including east Jerusalem","2006","","","","97"
"occupied Palestinian territory, including east Jerusalem","2004","","","","98"
"Oman","2018","","76.3","","99"
"Oman","2017","","77.1","",""
"Oman","2016","","74.5","19.5",""
"Oman","2015","","76.5","",""
"Oman","2014","39.6","71.3","","99 100"
"Oman","2013","","79.2","","99"
"Oman","2012","","93.8 80.4","","99"
"Oman","2011","","83.2","","99"
"Oman","2010","","85.3","","99"
"Oman","2009","","85","","99"
"Oman","2008","","89.2","","99"
"Oman","2007","","86.3","","99"
"Oman","2006","","","","98"
"Oman","2005","","","","98"
"Oman","2000","","","","97"
"Oman","1995-2000","","84.1","",""
"Pakistan","2018","","","","69"
"Pakistan","2013-2018","","51.4","",""
"Pakistan","2013","47","","","55 52"
"Pakistan","2007-2013","","36.6","14.1",""
"Pakistan","2012","","","","51"
"Pakistan","2011","","","","43"
"Pakistan","2009","","","","41"
"Pakistan","2007","","","","36 39"
"Pakistan","2001-2007","","28.4","",""
"Pakistan","2005","","","","31"
"Pakistan","2002","","","","23"
"Pakistan","1985-1991","","14.2","",""
"Palau","2018","","","","100"
"Palau","2017","","","","100"
"Palau","2016","","","","100"
"Palau","2015","","","","100"
"Palau","2014","","","","100"
"Palau","2013","","","","99"
"Palau","2012","","","","97"
"Palau","2011","","","","100"
"Palau","2010","","81","","100 100"
"Palau","2009","","","","99"
"Palau","2008","","","","100"
"Palau","2007","","","","100"
"Palau","2006","","","","100"
"Palau","2002","","","","100"
"Palau","2000","","","","100"
"Panama","2018","","","","93"
"Panama","2017","","","","94"
"Panama","2016","","","","95"
"Panama","2015","","","","95"
"Panama","2009-2015","","98.6","",""
"Panama","2014","","","","94"
"Panama","2013","75.9","","","93 91"
"Panama","2011-2013","","87.9","27.7",""
"Panama","2012","","","","94"
"Panama","2011","","","","94"
"Panama","2010","","","","93"
"Panama","2009","","","","89 94"
"Panama","2008","","","","92"
"Panama","2007","","","","92"
"Panama","2006","","","","91"
"Panama","2005","","","","91"
"Panama","2004","","","","91"
"Panama","2003","","","","93"
"Panama","2002","","","","94"
"Panama","2001","","","","92"
"Panama","2000","","","","91"
"Papua New Guinea","2018","","","","56"
"Papua New Guinea","2011-2018","","49","",""
"Papua New Guinea","2007","40.6","","",""
"Papua New Guinea","2006","","","","53"
"Papua New Guinea","2003-2006","","54.9","",""
"Papua New Guinea","2004","","","","39"
"Papua New Guinea","1993-1996","","48.9","",""
"Paraguay","2018","","","","98"
"Paraguay","2017","","","","97"
"Paraguay","2016","82.6","77.7","","96 97"
"Paraguay","2014-2016","","93.6","45.9",""
"Paraguay","2015","","77.4","","96"
"Paraguay","2014","","78.3","","96"
"Paraguay","2013","","76.7","",""
"Paraguay","2012","","","","96"
"Paraguay","2011","","","","96 96"
"Paraguay","2010","","","","96"
"Paraguay","2009","","","","94"
"Paraguay","2008","","","","93 87"
"Paraguay","2003-2008","","90.5","",""
"Paraguay","2006","","","","91"
"Paraguay","2005","","","","88"
"Paraguay","2004","","","","87"
"Paraguay","1999-2004","","78.8","",""
"Paraguay","2003","","","","86 86"
"Paraguay","2002","","","","86"
"Paraguay","1995-1998","","64.7","",""
"Paraguay","1990-1996","","66.1","",""
"Paraguay","1985-1990","","65","",""
"Peru","2019","","","","92"
"Peru","2018","","","","93"
"Peru","2013-2018","","96.6","",""
"Peru","2017","","","","94"
"Peru","2012-2017","","95.8","",""
"Peru","2016","66.1","","","92"
"Peru","2011-2016","","96","31.6",""
"Peru","2015","","","","92"
"Peru","2010-2015","","95.6","",""
"Peru","2014","","","","90"
"Peru","2009-2014","","94.7","",""
"Peru","2013","","","","89"
"Peru","2008-2013","","95.1","",""
"Peru","2012","","","","87"
"Peru","2007-2012","","94.4","",""
"Peru","2011","","","","85"
"Peru","2006-2011","","94.2","",""
"Peru","2010","","","","84"
"Peru","2005-2010","","92.9","",""
"Peru","2009","","","","83"
"Peru","2004-2009","","92.5","",""
"Peru","2008","","","","79"
"Peru","2002-2008","","91.6","",""
"Peru","1999-2006","","87.4","",""
"Peru","1995-2000","","69","",""
"Peru","1991-1996","","54","",""
"Peru","1986-1992","","47","",""
"Philippines","2017","","","","84 93"
"Philippines","2012-2017","","86.5","",""
"Philippines","2013","51.5","","","73"
"Philippines","2008-2013","","84.3","9.3",""
"Philippines","2011","","","","72"
"Philippines","2006-2011","","78.1","",""
"Philippines","2008","","","","62"
"Philippines","2003-2008","","77.8","",""
"Philippines","1998-2003","","70.4","",""
"Philippines","1993-1998","","77","",""
"Philippines","1988-1993","","52.1","",""
"Poland","2018","","","","100"
"Poland","2017","","","","100"
"Poland","2016","","","","100"
"Poland","2015","","","","100"
"Poland","2014","","","35.6","100"
"Poland","2013","","","","100"
"Poland","2012","","","","100"
"Poland","2011","","","","100"
"Poland","2010","","","","100"
"Poland","2009","","","","100"
"Poland","2008","","","","99"
"Poland","2007","","","","99"
"Poland","2006","","","","99"
"Poland","2005","","","","99"
"Poland","2004","","","","100"
"Poland","2003","","","","100"
"Poland","2002","","","","100"
"Poland","2001","","","","100"
"Poland","2000","","","","99"
"Portugal","2018","","","","99"
"Portugal","2017","","","","99"
"Portugal","2016","","","","99"
"Portugal","2015","","","","99"
"Portugal","2014","","","","99"
"Portugal","2013","","","","99"
"Portugal","2011","","","35.2",""
"Qatar","2017","","","","100"
"Qatar","2016","","","","100"
"Qatar","2015","","","","100"
"Qatar","2014","","","","100"
"Qatar","2012","68.9","","","100"
"Qatar","2010-2012","","84.5","19.5",""
"Qatar","2011","","","","100"
"Qatar","2010","","","","100"
"Qatar","2009","","","","100"
"Qatar","2008","","","","100"
"Qatar","2007","","","","100"
"Qatar","2006","","","","100"
"Qatar","2005","","","","100"
"Qatar","2004","","","","100"
"Qatar","2003","","","","100"
"Qatar","2002","","","","100"
"Qatar","2001","","","","100"
"Qatar","2000","","","","100"
"Republic of Korea","2015","","98.1","","100"
"Republic of Korea","2013-2015","","","39.1",""
"Republic of Korea","2012","","96.8","","100"
"Republic of Korea","2009","","97.4","","100"
"Republic of Korea","2006","","98.6","",""
"Republic of Korea","2003","","","","100"
"Republic of Moldova","2018","","","","100"
"Republic of Moldova","2017","","","","100"
"Republic of Moldova","2016","","","","100"
"Republic of Moldova","2015","","","","100"
"Republic of Moldova","2014","","","18.4","100"
"Republic of Moldova","2013","","","","100"
"Republic of Moldova","2012","60.4","","","99"
"Republic of Moldova","2010-2012","","95.4","",""
"Republic of Moldova","2011","","","","99"
"Republic of Moldova","2010","","","","99"
"Republic of Moldova","2009","","","","100"
"Republic of Moldova","2008","","","","100"
"Republic of Moldova","2007","","","","100"
"Republic of Moldova","2006","","","","100"
"Republic of Moldova","2005","","","","100"
"Republic of Moldova","2000-2005","","88.8","",""
"Republic of Moldova","2004","","","","99"
"Republic of Moldova","2003","","","","99"
"Republic of Moldova","2002","","","","100"
"Republic of Moldova","2001","","","","99"
"Republic of Moldova","2000","","","","98"
"Republic of Moldova","1992-1997","","87.4","",""
"Republic of North Macedonia","2018","","","","100"
"Republic of North Macedonia","2017","","","","100"
"Republic of North Macedonia","2016","","","","100"
"Republic of North Macedonia","2015","","","","100"
"Republic of North Macedonia","2014","","","","100"
"Republic of North Macedonia","2013","","","","100"
"Republic of North Macedonia","2012","","","","100"
"Republic of North Macedonia","2011","22.3","","","89 100"
"Republic of North Macedonia","2009-2011","","93.9","24.9",""
"Republic of North Macedonia","2010","","","","100"
"Republic of North Macedonia","2009","","","","100"
"Republic of North Macedonia","2008","","","","100"
"Republic of North Macedonia","2007","","","","100"
"Republic of North Macedonia","2006","","","","98 99"
"Republic of North Macedonia","2005","","","","99"
"Republic of North Macedonia","2004","","","","99"
"Republic of North Macedonia","2003","","","","99"
"Republic of North Macedonia","2002","","","","98"
"Republic of North Macedonia","2001","","","","98"
"Republic of North Macedonia","2000","","","","98"
"Romania","2018","","","","97"
"Romania","2017","","","","96"
"Romania","2016","","","","95"
"Romania","2015","","","","95"
"Romania","2014","","","","99"
"Romania","2013","","","40.1","99"
"Romania","2012","","","","100"
"Romania","2011","","","","99"
"Romania","2010","","","","100"
"Romania","2009","","","","100"
"Romania","2008","","","","99"
"Romania","2007","","","","99"
"Romania","2006","","","","98"
"Romania","2005","","","","98"
"Romania","1999-2004","","76","",""
"Romania","2003","","","","99"
"Romania","2002","","","","99"
"Romania","2001","","","","99"
"Romania","2000","","","","99"
"Romania","1994-1999","","59.1","",""
"Romania","1988-1993","","73.8","",""
"Russian Federation","2017","","88","",""
"Russian Federation","2014","","","","100"
"Russian Federation","2013","","","","100"
"Russian Federation","2012","","","","100"
"Russian Federation","2011","","","","99 100"
"Russian Federation","2006-2011","","78.3","13.0",""
"Russian Federation","2010","","","","100"
"Russian Federation","2009","","","","100"
"Russian Federation","2008","","","","100"
"Russian Federation","2007","","","","100"
"Russian Federation","2006","","","","100"
"Russian Federation","2005","","","","99"
"Russian Federation","2004","","","","99"
"Russian Federation","2003","","","","99"
"Russian Federation","2002","","","","99"
"Russian Federation","2001","","","","99"
"Russian Federation","2000","","","","99"
"Rwanda","2015","65.9","","","91"
"Rwanda","2010-2015","","43.9","13.0",""
"Rwanda","2010","","","","69"
"Rwanda","2005-2010","","35.4","",""
"Rwanda","2008","","","","52"
"Rwanda","2002-2008","","23.9","",""
"Rwanda","2005","","","","39"
"Rwanda","2000-2005","","13.3","",""
"Rwanda","1999-2000","","10.4","",""
"Rwanda","1987-1992","","12","",""
"Saint Kitts and Nevis","2015","","","","100"
"Saint Kitts and Nevis","2014","","","","100"
"Saint Kitts and Nevis","2013","","","","100"
"Saint Kitts and Nevis","2012","","","","100"
"Saint Kitts and Nevis","2011","","","","100"
"Saint Kitts and Nevis","2010","","","","100"
"Saint Kitts and Nevis","2009","","","","100"
"Saint Kitts and Nevis","2008","","","","100"
"Saint Kitts and Nevis","2007","","","","100"
"Saint Kitts and Nevis","2005","","","","100"
"Saint Kitts and Nevis","2004","","","","100"
"Saint Kitts and Nevis","2002","","","","100"
"Saint Kitts and Nevis","2000","","","","99"
"Saint Lucia","2017","","","","100"
"Saint Lucia","2015","","","","99"
"Saint Lucia","2014","","","","99"
"Saint Lucia","2012","72.4","","","99"
"Saint Lucia","2010-2012","","90.3","18.5",""
"Saint Lucia","2010","","","","99"
"Saint Lucia","2009","","99","",""
"Saint Lucia","2008","","","","100"
"Saint Lucia","2007","","","","100"
"Saint Lucia","2006","","","","98"
"Saint Lucia","2005","","","","100"
"Saint Lucia","2004","","","","100"
"Saint Lucia","2003","","","","99"
"Saint Lucia","2002","","","","98"
"Saint Lucia","2000","","","","100"
"Saint Vincent and the Grenadines","2016","","","","99"
"Saint Vincent and the Grenadines","2015","","","","99"
"Saint Vincent and the Grenadines","2014","","","","100"
"Saint Vincent and the Grenadines","2009-2014","","72.9","",""
"Saint Vincent and the Grenadines","2013","","","","99"
"Saint Vincent and the Grenadines","2012","","","","99"
"Saint Vincent and the Grenadines","2011","","","","99"
"Saint Vincent and the Grenadines","2010","","","","98"
"Saint Vincent and the Grenadines","2009","","","","99"
"Saint Vincent and the Grenadines","2004-2009","","58.4","",""
"Saint Vincent and the Grenadines","2008","","","","99"
"Saint Vincent and the Grenadines","2007","","","","100"
"Saint Vincent and the Grenadines","2005","","","","100"
"Saint Vincent and the Grenadines","2004","","","","100"
"Saint Vincent and the Grenadines","2002","","","","100"
"Saint Vincent and the Grenadines","2001","","","","100"
"Saint Vincent and the Grenadines","2000","","","","100"
"Samoa","2014","39.4","","","83"
"Samoa","2009-2014","","","4.6",""
"Samoa","2009","","","","81"
"Samoa","2000","","","","80"
"San Marino","2016","","","27.5",""
"San Marino","2009","","99.5","",""
"Sao Tome and Principe","2014","50.3","","","93"
"Sao Tome and Principe","2012-2014","","83.6","5.6",""
"Sao Tome and Principe","2009","","","","82"
"Sao Tome and Principe","2003-2009","","72.4","",""
"Sao Tome and Principe","2006","","","","81"
"Saudi Arabia","2018","","","","99"
"Saudi Arabia","2017","","","","100"
"Saudi Arabia","2016","","","30.2",""
"Saudi Arabia","2013","","","","98"
"Saudi Arabia","2010","","","","97"
"Saudi Arabia","2009","","","","97"
"Saudi Arabia","2008","","","","97"
"Saudi Arabia","2007","","","","97"
"Saudi Arabia","2006","","","","96"
"Saudi Arabia","2005","","","","96"
"Saudi Arabia","2000","","","","91"
"Senegal","2018","","","","74"
"Senegal","2017","","","","68"
"Senegal","2012-2017","","57","",""
"Senegal","2016","47.4","","","59"
"Senegal","2011-2016","","53.8","5.5",""
"Senegal","2015","","","","53"
"Senegal","2010-2015","","46.7","",""
"Senegal","2014","","","","59"
"Senegal","2007-2014","","48.1","",""
"Senegal","2013","","","","51"
"Senegal","2007-2013","","46.5","",""
"Senegal","2011","","","","65"
"Senegal","2005-2011","","50","",""
"Senegal","2005","","","","52"
"Senegal","2000-2005","","39.8","",""
"Senegal","1994-1999","","63.7","",""
"Senegal","1992-1997","","16.6","",""
"Senegal","1987-1993","","13.3","",""
"Serbia","2014","25.1","","","98 100"
"Serbia","2012-2014","","93.9","28.8",""
"Serbia","2013","","","","100"
"Serbia","2012","","","","99"
"Serbia","2011","","","","99"
"Serbia","2010","","","","99 100 100"
"Serbia","2008-2010","","94.2","",""
"Serbia","2009","","","","100 99"
"Serbia","2008","","","","100 99"
"Serbia","2007","","","","100"
"Serbia","2006","","","","89 100"
"Serbia","2005","","","","100"
"Serbia","2004","","","","99"
"Serbia","2003","","","","99"
"Serbia","2002","","","","99"
"Serbia","2001","","","","98"
"Serbia","2000","","","","98"
"Seychelles","2016","","","28.2",""
"Seychelles","2012","","","","99"
"Seychelles","2011","","","","99"
"Seychelles","2010","","","","99"
"Seychelles","2009","","","","99"
"Seychelles","2008","","","","100"
"Seychelles","2007","","","","100"
"Seychelles","2006","","","","99"
"Seychelles","2005","","","","99"
"Seychelles","2000","","","","99"
"Sierra Leone","2019","","","","87"
"Sierra Leone","2014-2019","","78.8","",""
"Sierra Leone","2017","","","","82"
"Sierra Leone","2012-2017","","77.5","",""
"Sierra Leone","2013","37.5","","","60"
"Sierra Leone","2008-2013","","76","2.9",""
"Sierra Leone","2010","","","","61"
"Sierra Leone","2008-2010","","74.7","",""
"Sierra Leone","2008","","","","42"
"Sierra Leone","2003-2008","","56.1","",""
"Sierra Leone","2005","","","","40"
"Singapore","2018","","","","100"
"Singapore","2017","","","","100"
"Singapore","2016","","","","100"
"Singapore","2015","","","","100"
"Singapore","2014","","","","100"
"Singapore","2013","","","","100"
"Singapore","2012","","","","100"
"Singapore","2011","","","","100"
"Singapore","2010","","","","100"
"Singapore","2009","","","","100"
"Singapore","2008","","","","100"
"Singapore","2007","","","","100"
"Singapore","2006","","","","100"
"Singapore","2005","","","","100"
"Singapore","2004","","","","100"
"Singapore","2003","","","","100"
"Singapore","2002","","","","100"
"Singapore","2001","","","","100"
"Singapore","2000","","","","100"
"Slovakia","2018","","","","98"
"Slovakia","2017","","","","99"
"Slovakia","2016","","","","98"
"Slovakia","2015","","","","97"
"Slovakia","2014","","","","98"
"Slovakia","2013","","","","99"
"Slovakia","2012","","","30.3","100"
"Slovakia","2011","","","","99"
"Slovakia","2010","","","","99"
"Slovakia","2009","","","","100"
"Slovakia","2008","","","","100"
"Slovakia","2007","","","","99"
"Slovakia","2006","","","","100"
"Slovakia","2005","","","","100"
"Slovakia","2004","","","","100"
"Slovakia","2003","","","","99"
"Slovakia","2002","","","","99"
"Slovakia","2001","","","","99"
"Slovakia","2000","","","","100"
"Slovenia","2012","","","18.9","100"
"Slovenia","2011","","","","100"
"Slovenia","2010","","","","100"
"Slovenia","2009","","","","100"
"Slovenia","2008","","","","100"
"Slovenia","2007","","","","100"
"Slovenia","2006","","","","100"
"Slovenia","2005","","","","100"
"Slovenia","2004","","","","100"
"Slovenia","2003","","","","100"
"Slovenia","2002","","","","100"
"Slovenia","2001","","","","100"
"Slovenia","2000","","","","100"
"Solomon Islands","2015","38","","","86"
"Solomon Islands","2010-2015","","68.9","5.9",""
"Solomon Islands","2009","","65","",""
"Solomon Islands","2007","","","","86 86"
"Solomon Islands","2001-2007","","64.6","",""
"Somalia","2006","","","","9"
"Somalia","2004-2006","","6.3","",""
"Somalia","2002","","","","25"
"South Africa","2016","77.9","","","97"
"South Africa","2011-2016","","75.5","",""
"South Africa","2008","","","","94"
"South Africa","2006-2008","","87.1","",""
"South Africa","1998-2003","","56.1","",""
"South Africa","1993-1998","","73.1","",""
"South Sudan","2010","5.6","","","19"
"South Sudan","2008-2010","","17","<1.0",""
"South Sudan","2006","","","","10"
"Spain","2014","","","27.3",""
"Sri Lanka","2016","74.1","","","100"
"Sri Lanka","2015","","","33.2",""
"Sri Lanka","2007","","","","99"
"Sri Lanka","2001-2007","","92.5","",""
"Sudan","2014","30.2","","","78"
"Sudan","2012-2014","","50.7","9.1",""
"Sudan","2010","","","","73"
"Sudan","2008-2010","","47.1","",""
"Sudan","2006","","","","49"
"Suriname","2018","","","","98"
"Suriname","2016-2018","","67.5","",""
"Suriname","2015","","","","90"
"Suriname","2010","73.2","","","90"
"Suriname","2008-2010","","66.8","19.0",""
"Suriname","2009","","","","90"
"Suriname","2008","","","","90"
"Suriname","2007","","","","90"
"Suriname","2006","","","","87"
"Sweden","2015","","","17.4",""
"Switzerland","2015","","","33.3",""
"Syrian Arab Republic","2009","53.3","","","96"
"Syrian Arab Republic","2004-2009","","63.7","26.0",""
"Syrian Arab Republic","2006","","","","92"
"Syrian Arab Republic","1996-2001","","42.1","",""
"Tajikistan","2017","","","","95"
"Tajikistan","2012-2017","","64.2","",""
"Tajikistan","2014","","","","90"
"Tajikistan","2013","","","","91"
"Tajikistan","2012","50.8","","","87 89"
"Tajikistan","2007-2012","","52.5","4.0",""
"Tajikistan","2011","","","","89"
"Tajikistan","2010","","","","88"
"Tajikistan","2009","","","","87"
"Tajikistan","2008","","","","85"
"Tajikistan","2007","","","","88"
"Tajikistan","2005-2007","","49.4","",""
"Tajikistan","2006","","","","78"
"Tajikistan","2005","","","","82"
"Tajikistan","2004","","","","75"
"Tajikistan","2003","","","","88"
"Tajikistan","2002","","","","89"
"Tajikistan","2001","","","","81"
"Thailand","2016","89.2","","","99"
"Thailand","2013-2016","","90.8","32.7",""
"Thailand","2012","","","","100"
"Thailand","2010-2012","","93.4","",""
"Thailand","2009","","","","99"
"Thailand","2008-2009","","79.6","",""
"Thailand","2006","","","","97"
"Thailand","2000","","","","99"
"Timor-Leste","2016","46.1","","","57"
"Timor-Leste","2011-2016","","76.7","",""
"Timor-Leste","2010","","","","29"
"Timor-Leste","2004-2010","","55.1","1.7",""
"Timor-Leste","1998-2003","","29.6","",""
"Timor-Leste","2002","","","","24"
"Togo","2017","","","","69"
"Togo","2015-2017","","54.8","",""
"Togo","2014","32.1","","","45"
"Togo","2008-2014","","57.2","6.5",""
"Togo","2010","","","","44"
"Togo","2008-2010","","54.9","",""
"Togo","2006","","","","52"
"Togo","2003","","","","61"
"Togo","2000-2003","","53.5","",""
"Togo","1995-1998","","46.3","",""
"Tonga","2012","47.9","","","96"
"Tonga","2007-2012","","70.4","17.4",""
"Tonga","2010","","","","99"
"Tonga","2009","","","","98"
"Tonga","2008","","","","97"
"Tonga","2007","","","","98"
"Tonga","2006","","","","98"
"Tonga","2005","","","","96"
"Tonga","2004","","","","98"
"Tonga","2003","","","","97"
"Tonga","2002","","","","95"
"Tonga","2001","","","","95"
"Tonga","2000","","","","95"
"Trinidad and Tobago","2017","","100","","100"
"Trinidad and Tobago","2016","","100","","100"
"Trinidad and Tobago","2015","","100","","100"
"Trinidad and Tobago","2014","","100","","100"
"Trinidad and Tobago","2013","","100","","100"
"Trinidad and Tobago","2012","","100","","100"
"Trinidad and Tobago","2011","58.2","","",""
"Trinidad and Tobago","2008","","","","100"
"Trinidad and Tobago","2007","","","18.4",""
"Trinidad and Tobago","2006","","","","97 100"
"Trinidad and Tobago","2004","","","","99 100"
"Trinidad and Tobago","2003","","","","99 100"
"Trinidad and Tobago","2002","","","","99"
"Trinidad and Tobago","2001","","","","100 99"
"Trinidad and Tobago","2000","","","","99 99"
"Tunisia","2018","","","","100"
"Tunisia","2016-2018","","84.1","",""
"Tunisia","2012","73.2","","","74"
"Tunisia","2009-2012","","85.1","26.7",""
"Tunisia","2006","","","","95"
"Tunisia","2001-2006","","67.5","",""
"Tunisia","1999-2000","","57.3","",""
"Tunisia","1989-1995","","12.9","",""
"Turkey","2018","","","","98"
"Turkey","2017","","","","98"
"Turkey","2015","","","","99 98"
"Turkey","2014","","","","97"
"Turkey","2013","59.7","","",""
"Turkey","2008-2013","","88.9","48.1",""
"Turkey","2008","","","","91"
"Turkey","2003-2008","","73.7","",""
"Turkey","1998-2003","","53.9","",""
"Turkey","1993-1998","","42","",""
"Turkey","1988-1993","","35.9","",""
"Turkmenistan","2016","75.6","","","100"
"Turkmenistan","2013-2016","","96.4","6.3",""
"Turkmenistan","2006","","","","100"
"Turkmenistan","2002","","","","97"
"Turkmenistan","1995-2000","","82.8","",""
"Tuvalu","2007","41","","","93"
"Tuvalu","2002-2007","","67.3","7.1",""
"Tuvalu","2002","","","","100"
"Tuvalu","2000","","","","100"
"Uganda","2017","49.9","","",""
"Uganda","2016","","","","74"
"Uganda","2011-2016","","59.9","",""
"Uganda","2011","","","","57"
"Uganda","2006-2011","","47.6","5.3",""
"Uganda","2006","","","","42"
"Uganda","2001-2006","","47.2","",""
"Uganda","1995-2001","","41.9","",""
"Uganda","1991-1995","","47.2","",""
"Ukraine","2014","","","","100"
"Ukraine","2013","","","","100"
"Ukraine","2012","68","","","99 100"
"Ukraine","2010-2012","","87.2","12.1",""
"Ukraine","2011","","","","100"
"Ukraine","2010","","","","100"
"Ukraine","2009","","","","100"
"Ukraine","2008","","","","100"
"Ukraine","2007","","","","99"
"Ukraine","2002-2007","","74.8","",""
"Ukraine","2006","","","","100"
"Ukraine","2005","","","","100 100"
"Ukraine","2004","","","","100"
"Ukraine","2003","","","","100"
"Ukraine","2002","","","","100"
"Ukraine","2001","","","","100"
"Ukraine","2000","","","","100"
"Ukraine","1994-1999","","91","",""
"United Arab Emirates","2018","","97.3","",""
"United Arab Emirates","2015","","99.9","","100"
"United Arab Emirates","2014","","99.9","","100"
"United Arab Emirates","2013","","99.9","23.9","100"
"United Arab Emirates","2004","","","","100"
"United Arab Emirates","1992-1995","","58.6","",""
"United Kingdom of Great Britain and Northern Ireland","2016-2017","","","31.2 27.8",""
"United Kingdom of Great Britain and Northern Ireland","2015-2016","","","29.9 25.6",""
"United Republic of Tanzania","2016","52.9","","","64"
"United Republic of Tanzania","2010-2016","","50.6","5.9",""
"United Republic of Tanzania","2010","","","","49"
"United Republic of Tanzania","2005-2010","","42.8","",""
"United Republic of Tanzania","1999-2004","","61.5","",""
"United Republic of Tanzania","1994-1999","","69.9","",""
"United Republic of Tanzania","1991-1996","","69.5","",""
"United Republic of Tanzania","1986-1992","","69.5","",""
"United States of America","2018","","","","99"
"United States of America","2017","","","","99"
"United States of America","2016","","","","99"
"United States of America","2015","","92","32.0","99"
"United States of America","2014","","92.2","","99"
"United States of America","2013","","93.6","","99"
"United States of America","2012","","96.6","","99"
"United States of America","2011","","","","99"
"United States of America","2010","","96.6","","99"
"United States of America","2009","","","","99"
"United States of America","2008","","","","99"
"United States of America","2007","","","","99"
"United States of America","2006","","","","99"
"United States of America","2005","","","","99"
"United States of America","2004","","","","99"
"United States of America","2003","","","","99"
"United States of America","2002","","","","100"
"United States of America","2001","","","","99"
"United States of America","2000","","","","99"
"Uruguay","2017","","96.5","","100"
"Uruguay","2016","","","","100"
"Uruguay","2015","","96.1","39.4","100"
"Uruguay","2014","","95.9","","100"
"Uruguay","2013","","95.4","","98 100"
"Uruguay","2011-2013","","76.8","",""
"Uruguay","2012","","94.2","","100"
"Uruguay","2011","","90.9","","100 100"
"Uruguay","2010","","91.1","","100"
"Uruguay","2009","","91.1","","100"
"Uruguay","2008","","89.5","","100"
"Uruguay","2007","","89","","99"
"Uruguay","2006","","89","","100"
"Uruguay","2005","","88.7","","100"
"Uruguay","2004","","88.7","","100"
"Uruguay","2003","","87","","100"
"Uruguay","2002","","86.3","","100"
"Uruguay","2001","","85","","100"
"Uruguay","2000","","79.7","","100"
"Uruguay","1999","","79.5","",""
"Uruguay","1997","","80.4","",""
"Uruguay","1996","","78.4","",""
"Uzbekistan","2018","","","","100"
"Uzbekistan","2017","","","","100"
"Uzbekistan","2016","","","","100"
"Uzbekistan","2015","","","13.6","100"
"Uzbekistan","2014","","","","100"
"Uzbekistan","2013","","","","100"
"Uzbekistan","2012","","","","100"
"Uzbekistan","2011","","","","100"
"Uzbekistan","2010","","","","100"
"Uzbekistan","2009","","","","100"
"Uzbekistan","2008","","","","100"
"Uzbekistan","2007","","","","100"
"Uzbekistan","2006","","","","100"
"Uzbekistan","2005","","","","100"
"Uzbekistan","2004","","","","100"
"Uzbekistan","2003","","","","100"
"Uzbekistan","2002","","","","100"
"Uzbekistan","2001","","","","100"
"Uzbekistan","1993-1996","","78.5","",""
"Vanuatu","2013","50.7","","","89"
"Vanuatu","2008-2013","","51.8","11.9",""
"Vanuatu","2007","","","","74"
"Vanuatu","2006","","","","93"
"Vanuatu","2005","","","","92"
"Vanuatu","2003","","","","84"
"Vanuatu","2000","","","","88"
"Venezuela (Bolivarian Republic of)","2017","","83.8","","99"
"Venezuela (Bolivarian Republic of)","2016","","84.6","","99"
"Venezuela (Bolivarian Republic of)","2015","","86.6","","99"
"Venezuela (Bolivarian Republic of)","2014","","86.9","","100"
"Venezuela (Bolivarian Republic of)","2012","","61","","96 96"
"Venezuela (Bolivarian Republic of)","2011","","47","","98"
"Venezuela (Bolivarian Republic of)","2009","","","32.2",""
"Venezuela (Bolivarian Republic of)","2003","","","","95"
"Viet Nam","2014","69.7","","","94"
"Viet Nam","2011-2014","","73.7","27.5",""
"Viet Nam","2011","","","","92"
"Viet Nam","2009-2011","","59.6","",""
"Viet Nam","2006","","","","84"
"Viet Nam","1999-2002","","29.3","",""
"Viet Nam","1994-1997","","15.2","",""
"Yemen","2013","46.9","","","45"
"Yemen","2008-2013","","25.1","4.8",""
"Yemen","2012","","","","34"
"Yemen","2007-2012","","28.2","",""
"Yemen","2006","","","","36"
"Yemen","1998-2003","","13.9","",""
"Yemen","1992-1997","","11.4","",""
"Zambia","2014-2019","","63.5","",""
"Zambia","2014","63.8","","","63"
"Zambia","2008-2014","","55.5","4.4",""
"Zambia","2007","","","","45"
"Zambia","2002-2007","","60.3","",""
"Zambia","1996-2002","","71.6","",""
"Zambia","1991-1996","","71.3","",""
"Zambia","1987-1992","","68.5","",""
"Zimbabwe","2019","","","","86"
"Zimbabwe","2017-2019","","71.5","",""
"Zimbabwe","2015","85.2","","","78"
"Zimbabwe","2010-2015","","75.7","5.8",""
"Zimbabwe","2014","","","","80"
"Zimbabwe","2012-2014","","70.1","",""
"Zimbabwe","2011","","","","66"
"Zimbabwe","2005-2011","","64.8","",""
"Zimbabwe","2009","","","","60"
"Zimbabwe","2007-2009","","56.8","",""
"Zimbabwe","2006","","","","69"
"Zimbabwe","2000-2006","","71.1","",""
"Zimbabwe","1994-1999","","64.3","",""
"Zimbabwe","1991-1994","","74","",""
